<?xml version="1.0" encoding="UTF-8"?>
<!DOCTYPE module PUBLIC "-//Checkstyle//DTD Checkstyle Configuration 1.3//EN" "https://checkstyle.org/dtds/configuration_1_3.dtd">

<!--
    This configuration file was written by the eclipse-cs plugin configuration editor
-->
<!--
    Checkstyle-Configuration: JetUML
    Description: none
-->
<module name="Checker">
  <property name="severity" value="warning"/>
  <module name="TreeWalker">
    <module name="JavadocMethod">
      <property name="accessModifiers" value="protected"/>
    </module>
    <module name="JavadocType">
      <property name="scope" value="package"/>
    </module>
    <module name="JavadocVariable">
      <property name="severity" value="ignore"/>
      <property name="scope" value="protected"/>
      <metadata name="net.sf.eclipsecs.core.lastEnabledSeverity" value="inherit"/>
    </module>
    <module name="JavadocStyle"/>
    <module name="ConstantName"/>
    <module name="LocalFinalVariableName"/>
    <module name="LocalVariableName"/>
    <module name="MemberName">
      <property name="format" value="^a[A-Z][a-zA-Z0-9]*$"/>
    </module>
    <module name="MethodName"/>
    <module name="PackageName">
      <property name="format" value="^[a-z][a-zA-Z_0-9]*(\.[a-zA-Z_][a-zA-Z0-9_]*)*$"/>
    </module>
    <module name="ParameterName">
      <property name="format" value="^p[A-Z][a-zA-Z0-9]*$"/>
    </module>
    <module name="StaticVariableName"/>
    <module name="TypeName"/>
    <module name="AvoidStarImport"/>
    <module name="IllegalImport"/>
    <module name="RedundantImport"/>
    <module name="MethodLength">
      <property name="severity" value="ignore"/>
      <metadata name="net.sf.eclipsecs.core.lastEnabledSeverity" value="inherit"/>
    </module>
    <module name="ParameterNumber">
      <property name="severity" value="ignore"/>
      <metadata name="net.sf.eclipsecs.core.lastEnabledSeverity" value="inherit"/>
    </module>
    <module name="EmptyForIteratorPad">
      <property name="option" value="space"/>
    </module>
    <module name="MethodParamPad"/>
    <module name="NoWhitespaceAfter">
      <property name="tokens" value="BNOT,DEC,DOT,INC,LNOT,UNARY_MINUS,UNARY_PLUS"/>
    </module>
    <module name="NoWhitespaceBefore">
      <property name="allowLineBreaks" value="true"/>
      <property name="tokens" value="DOT"/>
    </module>
    <module name="OperatorWrap">
      <property name="option" value="eol"/>
      <property name="tokens" value="ASSIGN,BAND,BAND_ASSIGN,BOR,BOR_ASSIGN,BSR,BSR_ASSIGN,BXOR,BXOR_ASSIGN,COLON,DIV,DIV_ASSIGN,EQUAL,GE,GT,LAND,LE,LITERAL_INSTANCEOF,LOR,LT,MINUS,MINUS_ASSIGN,MOD,MOD_ASSIGN,NOT_EQUAL,PLUS_ASSIGN,QUESTION,SL,SL_ASSIGN,SR,SR_ASSIGN,STAR,STAR_ASSIGN"/>
    </module>
    <module name="ParenPad">
      <property name="severity" value="ignore"/>
      <property name="option" value="space"/>
      <metadata name="net.sf.eclipsecs.core.lastEnabledSeverity" value="inherit"/>
    </module>
    <module name="TypecastParenPad"/>
    <module name="WhitespaceAfter">
      <property name="tokens" value="COMMA,SEMI"/>
    </module>
    <module name="WhitespaceAround">
      <property name="tokens" value="ASSIGN,BAND,BAND_ASSIGN,BOR,BOR_ASSIGN,LITERAL_ASSERT,LITERAL_ASSERT"/>
    </module>
    <module name="ModifierOrder"/>
    <module name="RedundantModifier"/>
    <module name="AvoidNestedBlocks"/>
    <module name="EmptyBlock">
      <property name="severity" value="ignore"/>
      <metadata name="net.sf.eclipsecs.core.lastEnabledSeverity" value="inherit"/>
    </module>
    <module name="LeftCurly">
      <property name="option" value="nl"/>
    </module>
    <module name="NeedBraces"/>
    <module name="RightCurly">
      <property name="option" value="alone"/>
    </module>
    <module name="AvoidInlineConditionals"/>
    <module name="EmptyStatement"/>
    <module name="EqualsHashCode"/>
    <module name="HiddenField"/>
    <module name="IllegalInstantiation"/>
    <module name="InnerAssignment"/>
    <module name="MagicNumber">
      <property name="ignoreNumbers" value="-1, 0, 1, 2,3,4,0.5"/>
      <property name="constantWaiverParentToken" value="TYPECAST,METHOD_CALL,EXPR,ARRAY_INIT,UNARY_MINUS,UNARY_PLUS,ELIST,STAR,ASSIGN,PLUS,MINUS,DIV,LITERAL_NEW"/>
    </module>
    <module name="MissingSwitchDefault"/>
    <module name="SimplifyBooleanExpression"/>
    <module name="SimplifyBooleanReturn"/>
    <module name="FinalClass"/>
    <module name="HideUtilityClassConstructor"/>
    <module name="InterfaceIsType"/>
    <module name="VisibilityModifier">
      <property name="protectedAllowed" value="true"/>
    </module>
    <module name="ArrayTypeStyle"/>
    <module name="FinalParameters">
      <property name="severity" value="ignore"/>
      <metadata name="net.sf.eclipsecs.core.lastEnabledSeverity" value="inherit"/>
    </module>
    <module name="GenericIllegalRegexp">
      <property name="severity" value="ignore"/>
      <metadata name="net.sf.eclipsecs.core.lastEnabledSeverity" value="inherit"/>
    </module>
    <module name="TodoComment">
      <property name="severity" value="ignore"/>
      <metadata name="net.sf.eclipsecs.core.lastEnabledSeverity" value="inherit"/>
    </module>
    <module name="UpperEll"/>
    <module name="AnonInnerLength">
      <property name="max" value="50"/>
    </module>
    <module name="EmptyForInitializerPad">
      <property name="option" value="space"/>
    </module>
    <module name="CovariantEquals"/>
    <module name="ModifiedControlVariable"/>
    <module name="StringLiteralEquality"/>
    <module name="NestedIfDepth">
      <property name="max" value="4"/>
    </module>
    <module name="NestedTryDepth"/>
    <module name="SuperClone"/>
    <module name="SuperFinalize"/>
    <module name="IllegalCatch">
      <property name="illegalClassNames" value="java.lang.Throwable, java.lang.RuntimeException"/>
    </module>
    <module name="ReturnCount">
      <property name="max" value="5"/>
      <property name="maxForVoid" value="3"/>
    </module>
    <module name="DeclarationOrder"/>
    <module name="ParameterAssignment"/>
    <module name="DefaultComesLast"/>
    <module name="FallThrough"/>
    <module name="MultipleVariableDeclarations"/>
    <module name="UnnecessaryParentheses"/>
    <module name="BooleanExpressionComplexity"/>
    <module name="NPathComplexity"/>
    <module name="PackageHtml">
      <property name="severity" value="ignore"/>
      <metadata name="net.sf.eclipsecs.core.lastEnabledSeverity" value="inherit"/>
    </module>
    <module name="SuppressionCommentFilter">
      <property name="offCommentFormat" value="CSOFF\:"/>
      <property name="onCommentFormat" value="CSON\:"/>
    </module>
    <module name="AvoidDoubleBraceInitialization"/>
    <module name="AvoidNoArgumentSuperConstructorCall"/>
    <module name="EqualsAvoidNull"/>
    <module name="ExplicitInitialization"/>
    <module name="FinalLocalVariable">
      <property name="severity" value="ignore"/>
      <metadata name="net.sf.eclipsecs.core.lastEnabledSeverity" value="inherit"/>
    </module>
    <module name="IllegalThrows"/>
    <module name="IllegalToken"/>
    <module name="IllegalTokenText"/>
    <module name="IllegalType"/>
    <module name="MissingCtor">
      <property name="severity" value="ignore"/>
      <metadata name="net.sf.eclipsecs.core.lastEnabledSeverity" value="inherit"/>
    </module>
    <module name="NoArrayTrailingComma"/>
    <module name="NoEnumTrailingComma"/>
    <module name="NoFinalizer"/>
    <module name="PackageDeclaration"/>
    <module name="UnnecessarySemicolonAfterOuterTypeDeclaration"/>
    <module name="UnnecessarySemicolonAfterTypeMemberDeclaration"/>
    <module name="UnnecessarySemicolonInEnumeration"/>
    <module name="UnnecessarySemicolonInTryWithResources"/>
    <module name="OneStatementPerLine"/>
    <module name="VariableDeclarationUsageDistance">
      <property name="severity" value="ignore"/>
      <metadata name="net.sf.eclipsecs.core.lastEnabledSeverity" value="inherit"/>
    </module>
    <module name="OverloadMethodsDeclarationOrder"/>
    <module name="MissingOverride"/>
    <module name="AnnotationLocation"/>
    <module name="JavadocMissingWhitespaceAfterAsterisk"/>
    <module name="MissingJavadocMethod"/>
    <module name="MissingJavadocType"/>
    <module name="NonEmptyAtclauseDescription">
      <property name="javadocTokens" value="PARAM_LITERAL,RETURN_LITERAL,THROWS_LITERAL,EXCEPTION_LITERAL,DEPRECATED_LITERAL"/>
    </module>
    <module name="JavadocTagContinuationIndentation"/>
    <module name="SummaryJavadoc">
      <property name="severity" value="ignore"/>
      <metadata name="net.sf.eclipsecs.core.lastEnabledSeverity" value="inherit"/>
    </module>
    <module name="AtclauseOrder"/>
    <module name="InvalidJavadocPosition"/>
    <module name="JavadocBlockTagLocation"/>
    <module name="JavadocContentLocation"/>
    <module name="SingleLineJavadoc">
      <property name="violateExecutionOnNonTightHtml" value="true"/>
    </module>
    <module name="ClassTypeParameterName"/>
    <module name="ClassTypeParameterName"/>
    <module name="MethodTypeParameterName"/>
    <module name="InterfaceTypeParameterName"/>
    <module name="CatchParameterName"/>
    <module name="LambdaParameterName"/>
    <module name="ImportOrder">
      <property name="severity" value="ignore"/>
      <metadata name="net.sf.eclipsecs.core.lastEnabledSeverity" value="inherit"/>
    </module>
    <module name="OuterTypeNumber"/>
    <module name="InterfaceMemberImpliedModifier">
      <property name="severity" value="ignore"/>
      <metadata name="net.sf.eclipsecs.core.lastEnabledSeverity" value="inherit"/>
    </module>
    <module name="ClassMemberImpliedModifier">
      <property name="violateImpliedStaticOnNestedEnum" value="false"/>
      <property name="violateImpliedStaticOnNestedInterface" value="false"/>
    </module>
    <module name="NestedForDepth">
      <property name="max" value="2"/>
    </module>
    <module name="MutableException"/>
    <module name="ThrowsCount"/>
    <module name="OneTopLevelClass"/>
  </module>
  <module name="BeforeExecutionExclusionFileFilter">
    <property name="fileNamePattern" value="module\-info\.java$"/>
  </module>
  <module name="LineLength">
    <property name="fileExtensions" value="java"/>
    <property name="ignorePattern" value="^ *\* *[^ ]+$"/>
    <property name="max" value="150"/>
  </module>
  <module name="FileTabCharacter">
    <property name="severity" value="ignore"/>
    <metadata name="net.sf.eclipsecs.core.lastEnabledSeverity" value="inherit"/>
  </module>
  <module name="NewlineAtEndOfFile">
    <property name="severity" value="ignore"/>
    <metadata name="net.sf.eclipsecs.core.lastEnabledSeverity" value="inherit"/>
  </module>
  <module name="Translation"/>
  <module name="UniqueProperties"/>
</module>
